{
 "months": {
  "bp": [
   "26.01",
   "26.02",
   "26.03",
   "26.04",
   "26.05",
   "26.06",
   "26.07",
   "26.08",
   "26.09",
   "26.10",
   "26.11",
   "26.12"
  ],
  "kp": [
   "25.11",
   "25.12",
   "26.01",
   "26.02",
   "26.03",
   "26.04",
   "26.05",
   "26.06",
   "26.07",
   "26.08",
   "26.09",
   "26.10"
  ]
 },
 "monthly": {
  "tot": {
   "bp_plan": [
    2683216.42819065,
    2840928.70105043,
    2424633.94217327,
    3243678.14069905,
    2988406.15740422,
    3800473.53119811,
    4562240.73558937,
    4423329.86989233,
    4935488.15298777,
    5284382.10656246,
    5310613.30906918,
    5275307.17610009
   ],
   "bp_act": [
    2692112,
    2748848.7070862865,
    2417316.872064167,
    2750613.4643634213,
    2689296.778052543,
    3510056.598362528,
    null,
    null,
    null,
    null,
    null,
    null
   ],
   "kp_plan": [
    3541696.97492957,
    3555324.21174922,
    2683216.42819065,
    2840928.70105043,
    2424633.94217327,
    3243678.14069905,
    2988406.15740422,
    3800473.53119811,
    4562240.73558937,
    4423329.86989233,
    4935488.15298777,
    5284382.10656246
   ],
   "kp_act": [
    3109461.4,
    3566492.8000000003,
    2692112,
    2748848.7070862865,
    2417316.872064167,
    2750613.4643634213,
    2689296.778052543,
    3510056.598362528,
    null,
    null,
    null,
    null
   ]
  },
  "op": {
   "bp_plan": [
    16365.956288762,
    34379.1620366795,
    -26159.1614681713,
    29680.4667009169,
    40066.3898985311,
    114295.924374039,
    114887.041790561,
    158209.29991018,
    191464.093968175,
    204748.698562542,
    218519.725479604,
    184703.829944637
   ],
   "bp_act": [
    105649,
    71425.20350089122,
    26577.997549845226,
    65361.17115719829,
    76998.79317549805,
    106369.58194402736,
    null,
    null,
    null,
    null,
    null,
    null
   ],
   "kp_plan": [
    240364.014098529,
    229222.879751939,
    16365.956288762,
    34379.1620366795,
    -26159.1614681713,
    29680.4667009169,
    40066.3898985311,
    114295.924374039,
    114887.041790561,
    158209.29991018,
    191464.093968175,
    204748.698562542
   ],
   "kp_act": [
    339159.40000000026,
    405034.9000000004,
    105649,
    71425.20350089122,
    26577.997549845226,
    65361.17115719829,
    76998.79317549805,
    106369.58194402736,
    null,
    null,
    null,
    null
   ]
  },
  "rel": {
   "bp_plan": [
    901487.475,
    795430.125,
    724725.225,
    901487.475,
    760077.675,
    866135.025,
    972192.375,
    901487.475,
    936839.925,
    972192.375,
    901487.475,
    901487.475
   ],
   "bp_act": [
    947663,
    967351.6432180298,
    821726.7326866721,
    754159.1569092381,
    776245.8081802025,
    930586.9026340067,
    null,
    null,
    null,
    null,
    null,
    null
   ],
   "kp_plan": [
    937604.14652439,
    951231.383344035,
    901487.475,
    795430.125,
    724725.225,
    901487.475,
    760077.675,
    866135.025,
    972192.375,
    901487.475,
    936839.925,
    972192.375
   ],
   "kp_act": [
    1159567.5,
    1050347.8,
    947663,
    967351.6432180298,
    821726.7326866721,
    754159.1569092381,
    776245.8081802025,
    930586.9026340067,
    null,
    null,
    null,
    null
   ]
  },
  "nonrel": {
   "bp_plan": [
    84000,
    84000,
    63000,
    115500,
    115500,
    115500,
    152250,
    152250,
    152250,
    189000,
    189000,
    189000
   ],
   "bp_act": [
    87228,
    112937.60182504987,
    70965.57422260955,
    83833.38939511354,
    80433.22953948673,
    84989.33119113698,
    null,
    null,
    null,
    null,
    null,
    null
   ],
   "kp_plan": [
    65000,
    65000,
    84000,
    84000,
    63000,
    115500,
    115500,
    115500,
    152250,
    152250,
    152250,
    189000
   ],
   "kp_act": [
    73104,
    288501.8,
    87228,
    112937.60182504987,
    70965.57422260955,
    83833.38939511354,
    80433.22953948673,
    84989.33119113698,
    null,
    null,
    null,
    null
   ]
  },
  "mach": {
   "bp_plan": [
    14175,
    14175,
    14175,
    14175,
    14175,
    314175,
    314175,
    314175,
    314175,
    314175,
    314175,
    135175
   ],
   "bp_act": [
    null,
    null,
    null,
    null,
    null,
    41463.99115784844,
    null,
    null,
    null,
    null,
    null,
    null
   ],
   "kp_plan": [
    0,
    0,
    14175,
    14175,
    14175,
    14175,
    14175,
    314175,
    314175,
    314175,
    314175,
    314175
   ],
   "kp_act": [
    null,
    null,
    null,
    null,
    null,
    null,
    null,
    41463.99115784844,
    null,
    null,
    null,
    null
   ]
  },
  "std": {
   "bp_plan": [
    1683553.95319065,
    1947323.57605044,
    1622733.71717327,
    2212515.66569905,
    2098653.48240422,
    2504663.50619811,
    3123623.36058937,
    3055417.39489233,
    3532223.22798777,
    3809014.73156246,
    3905950.83406918,
    4049644.70110009
   ],
   "bp_act": [
    1657221,
    1668559.4620432071,
    1524624.5651548856,
    1912620.91805907,
    1832617.7403328535,
    2278327.128649205,
    null,
    null,
    null,
    null,
    null,
    null
   ],
   "kp_plan": [
    2539092.82840518,
    2539092.82840518,
    1683553.95319065,
    1947323.57605044,
    1622733.71717327,
    2212515.66569905,
    2098653.48240422,
    2504663.50619811,
    3123623.36058937,
    3055417.39489233,
    3532223.22798777,
    3809014.73156246
   ],
   "kp_act": [
    1876789.9,
    2227643.2,
    1657221,
    1668559.4620432071,
    1524624.5651548856,
    1912620.91805907,
    1832617.7403328535,
    2278327.128649205,
    null,
    null,
    null,
    null
   ]
  },
  "opm": {
   "bp_plan": [
    0.0060993798773801905,
    0.01210138150386099,
    -0.010788911684014487,
    0.009150250244779346,
    0.01340727725354891,
    0.030074127193830735,
    0.02518215246607748,
    0.03576701366702073,
    0.038793344859367036,
    0.038746005575235165,
    0.04114773807884445,
    0.03501290517857278
   ],
   "bp_act": [
    0.03924390961445883,
    0.025983679391580708,
    0.010994833923924112,
    0.023762397735635647,
    0.028631571570638184,
    0.030304235548124697,
    null,
    null,
    null,
    null,
    null,
    null
   ],
   "kp_plan": [
    0.0678669055540272,
    0.06447312990315483,
    0.0060993798773801905,
    0.01210138150386099,
    -0.010788911684014487,
    0.009150250244779346,
    0.01340727725354891,
    0.030074127193830735,
    0.02518215246607748,
    0.03576701366702073,
    0.038793344859367036,
    0.038746005575235165
   ],
   "kp_act": [
    0.10907335913544393,
    0.11356672302829277,
    0.03924390961445883,
    0.025983679391580708,
    0.010994833923924112,
    0.023762397735635647,
    0.028631571570638184,
    0.030304235548124697,
    null,
    null,
    null,
    null
   ]
  }
 },
 "cum": {
  "tot": {
   "bp_plan_ytd": 17981336.90071573,
   "bp_plan_year": 47772698.25091693,
   "bp_act": 16808244.419928946,
   "kp_plan_ytd": 25078358.08739452,
   "kp_plan_year": 44283798.95242645,
   "kp_act": 23484198.619928945
  },
  "op": {
   "bp_plan_ytd": 208628.7378307572,
   "bp_plan_year": 1281161.4274864562,
   "bp_act": 452381.7473274601,
   "kp_plan_ytd": 678215.6316812253,
   "kp_plan_year": 1347524.7659126832,
   "kp_act": 1196576.047327461
  },
  "rel": {
   "bp_plan_ytd": 4949343.0,
   "bp_plan_year": 10535030.1,
   "bp_act": 5197733.243628149,
   "kp_plan_ytd": 6838178.529868425,
   "kp_plan_year": 10620890.679868424,
   "kp_act": 7407648.543628149
  },
  "nonrel": {
   "bp_plan_ytd": 577500,
   "bp_plan_year": 1601250,
   "bp_act": 520387.1261733966,
   "kp_plan_ytd": 707500,
   "kp_plan_year": 1353250,
   "kp_act": 881992.9261733966
  },
  "mach": {
   "bp_plan_ytd": 385050,
   "bp_plan_year": 2091100,
   "bp_act": 41463.99115784844,
   "kp_plan_ytd": 385050,
   "kp_plan_year": 1641750,
   "kp_act": 41463.99115784844
  },
  "std": {
   "bp_plan_ytd": 12069443.90071574,